City_ID,City,Country,Lat,Lng,Max Temp,Humidity,Cloudiness,Wind Speed,Current Description
0,Rikitea,PF,-23.1203,-134.9692,74.82,73,13,14.9,few clouds
1,Eravur,LK,7.7733,81.6095,76.5,85,100,11.39,overcast clouds
2,Belaya Gora,RU,68.5333,146.4167,-46.77,92,36,3.02,scattered clouds
3,Cuamba,MZ,-14.8031,36.5372,71.76,85,92,2.42,light rain
4,Thompson,CA,55.7435,-97.8558,-27.24,75,20,5.75,few clouds
5,Araouane,ML,18.9048,-3.5265,83.84,13,81,5.93,broken clouds
6,Tiksi,RU,71.6872,128.8694,-23.8,100,82,4.27,broken clouds
7,Castro,BR,-24.7911,-50.0119,75.43,77,47,8.93,scattered clouds
8,Kashi,CN,39.4547,75.9797,29.41,34,63,2.24,broken clouds
9,Atuona,PF,-9.8,-139.0333,77.05,77,46,14.27,light rain
10,Busselton,AU,-33.65,115.3333,53.47,87,26,14.74,scattered clouds
11,Chernyshevskiy,RU,63.0128,112.4714,1.8,95,100,9.48,overcast clouds
12,Tuatapere,NZ,-46.1333,167.6833,39.24,90,10,5.17,clear sky
13,Comodoro Rivadavia,AR,-45.8667,-67.5,73.26,21,40,21.85,scattered clouds
14,Hermanus,ZA,-34.4187,19.2345,66.79,59,11,2.42,few clouds
15,Bethel,US,41.3712,-73.414,55.76,77,100,1.01,overcast clouds
16,San Quintin,MX,30.4833,-115.95,60.84,55,81,11.92,broken clouds
17,Hilo,US,19.7297,-155.09,75.27,96,100,4.0,moderate rain
18,Faanui,PF,-16.4833,-151.75,79.65,75,19,17.4,few clouds
19,Mataura,NZ,-46.1927,168.8643,41.49,82,3,5.12,clear sky
20,Meulaboh,ID,4.1363,96.1285,73.76,95,100,3.56,overcast clouds
21,Qaanaaq,GL,77.484,-69.3632,30.69,73,100,10.13,overcast clouds
22,Saint George,US,37.1041,-113.5841,48.25,79,100,3.44,overcast clouds
23,Havre-Saint-Pierre,CA,50.2334,-63.5986,39.2,75,100,9.22,overcast clouds
24,Hobart,AU,-42.8794,147.3294,46.26,86,75,11.5,broken clouds
25,Zhangye,CN,38.9342,100.4517,19.18,74,96,3.69,overcast clouds
26,Leningradskiy,RU,69.3833,178.4167,-1.55,96,90,7.67,overcast clouds
27,Ilulissat,GL,69.2167,-51.1,41.02,60,75,11.5,broken clouds
28,Provideniya,RU,64.3833,-173.3,24.67,76,100,12.39,overcast clouds
29,Moirang,IN,24.5,93.7667,55.87,91,6,0.49,clear sky
30,Kununurra,AU,-15.7667,128.7333,80.58,94,75,0.0,broken clouds
31,Yellowknife,CA,62.456,-114.3525,-33.45,74,20,2.3,few clouds
32,Florianopolis,BR,-27.6146,-48.5012,80.55,78,75,14.97,broken clouds
33,Urucara,BR,-2.5364,-57.76,90.45,49,78,2.04,broken clouds
34,Nikolskoye,RU,59.7035,30.7861,21.09,92,100,8.66,overcast clouds
35,Butaritari,KI,3.0707,172.7902,80.01,83,75,14.27,light rain
36,Victoria,HK,22.2855,114.1577,64.26,78,16,5.01,few clouds
37,Rocha,UY,-34.4833,-54.3333,92.73,22,0,13.42,clear sky
38,Cape Town,ZA,-33.9258,18.4232,69.1,50,0,13.8,clear sky
39,Airai,TL,-8.9266,125.4092,59.67,67,56,1.77,broken clouds
40,Sakakah,SA,29.9697,40.2064,63.97,56,0,8.1,clear sky
41,Bonthe,SL,7.5264,-12.505,81.95,77,47,10.69,scattered clouds
42,Pangnirtung,CA,66.1451,-65.7125,24.8,68,100,19.57,light snow
43,Kodiak,US,57.79,-152.4072,33.31,86,0,4.61,clear sky
44,Raudeberg,NO,61.9875,5.1352,32.86,74,100,27.4,light snow
45,Domodossola,IT,46.1165,8.2931,45.1,67,22,5.37,few clouds
46,Tura,IN,25.5198,90.2201,60.85,89,17,2.98,few clouds
47,Shagonar,RU,51.5333,92.8,-22.83,97,40,1.07,scattered clouds
48,Sitka,US,57.0531,-135.33,39.09,87,100,4.61,moderate rain
49,Parrita,CR,9.5201,-84.3225,87.26,67,6,5.75,clear sky
50,Yakeshi,CN,49.2833,120.7333,-4.09,100,62,6.06,broken clouds
51,Saskylakh,RU,71.9167,114.0833,-6.92,100,100,2.35,light snow
52,Cidreira,BR,-30.1811,-50.2056,75.27,77,36,10.89,scattered clouds
53,Mount Gambier,AU,-37.8333,140.7667,45.99,95,11,4.54,few clouds
54,Laguna,US,38.421,-121.4238,51.08,89,75,8.05,broken clouds
55,Magadi,IN,12.9667,77.2333,69.96,81,94,5.23,overcast clouds
56,Vaini,TO,-21.2,-175.2,77.16,94,75,6.91,broken clouds
57,Toamasina,MG,-18.1667,49.3833,78.8,78,40,3.44,scattered clouds
58,Coahuayana,MX,18.7333,-103.6833,87.94,55,7,4.99,clear sky
59,Sioux Lookout,CA,50.1001,-91.917,-7.53,77,100,4.61,overcast clouds
60,Ponta Do Sol,PT,32.6667,-17.1,69.01,89,98,15.46,moderate rain
61,Cedar City,US,37.6775,-113.0619,33.4,93,100,4.61,overcast clouds
62,Rapid Valley,US,44.0625,-103.1463,26.8,77,0,24.16,clear sky
63,Hermosillo,MX,29.0667,-110.9667,74.25,57,46,1.99,scattered clouds
64,Ushuaia,AR,-54.8,-68.3,42.42,75,75,24.16,light rain
65,Tiznit,MA,29.5833,-9.5,63.03,62,100,5.53,overcast clouds
66,Arraial Do Cabo,BR,-22.9661,-42.0278,76.96,83,75,9.22,light intensity drizzle
67,Salalah,OM,17.0151,54.0924,75.31,70,0,5.41,clear sky
68,Haines Junction,CA,60.7522,-137.5108,12.83,99,98,1.14,overcast clouds
69,Toa Alta,PR,18.3883,-66.2482,84.15,67,19,11.97,few clouds
70,Iqaluit,CA,63.7506,-68.5145,19.13,73,75,16.11,broken clouds
71,Mozarlandia,BR,-14.7447,-50.5706,84.78,63,100,4.52,overcast clouds
72,Floha,DE,50.8561,13.0741,36.48,92,100,3.0,snow
73,Shelopugino,RU,51.6514,117.5599,-6.12,96,19,3.78,few clouds
74,Odienne,CI,9.51,-7.5692,84.81,29,35,4.18,scattered clouds
75,Jardim,BR,-21.4803,-56.1381,85.95,58,75,3.78,broken clouds
76,Carnarvon,AU,-24.8667,113.6333,69.62,80,7,15.3,clear sky
77,Severo-Kurilsk,RU,50.6789,156.125,30.65,81,92,13.58,light snow
78,Saint-Alexandre,FR,44.2278,4.6214,40.3,79,14,7.56,few clouds
79,Soe,ID,-9.8607,124.284,65.44,76,73,3.89,broken clouds
80,Dingle,PH,10.9995,122.6711,74.12,92,43,7.14,scattered clouds
81,East London,ZA,-33.0153,27.9116,67.14,77,20,8.05,few clouds
82,Albany,US,42.6001,-73.9662,50.95,89,100,5.86,overcast clouds
83,Dalbandin,PK,28.8947,64.4101,56.12,29,0,4.94,clear sky
84,Isangel,VU,-19.55,169.2667,79.2,82,100,0.6,overcast clouds
85,Dengfeng,CN,34.4553,113.0281,38.1,56,77,2.06,broken clouds
86,Lompoc,US,34.6391,-120.4579,57.78,94,0,10.36,clear sky
87,Los Llanos De Aridane,ES,28.6585,-17.9182,71.35,92,40,10.36,scattered clouds
88,Ketchikan,US,55.3422,-131.6461,36.07,93,100,4.61,overcast clouds
89,New Norfolk,AU,-42.7826,147.0587,45.9,76,29,2.33,scattered clouds
90,Torbay,CA,47.6666,-52.7314,37.58,97,100,11.01,fog
91,Srednekolymsk,RU,67.45,153.6833,-27.27,96,100,10.6,overcast clouds
92,Kaitangata,NZ,-46.2817,169.8464,44.83,75,20,8.23,few clouds
93,Ribeira Grande,PT,38.5167,-28.7,59.4,77,40,17.0,moderate rain
94,Shache,CN,38.4167,77.2406,24.39,39,0,2.59,clear sky
95,Narsaq,GL,60.9167,-46.05,34.36,98,100,5.53,snow
96,Nalut,LY,30.3333,10.85,69.13,16,50,8.48,scattered clouds
97,Jati,PK,24.3539,68.2671,71.13,22,0,7.72,clear sky
98,Hami,CN,42.8,93.45,22.51,38,90,0.87,overcast clouds
99,Ancud,CL,-41.8697,-73.8203,62.22,73,86,7.81,overcast clouds
100,Rio Gallegos,AR,-51.6226,-69.2181,51.85,22,40,33.38,scattered clouds
101,Kapaa,US,22.0752,-159.319,77.32,89,40,8.05,light rain
102,Porto Walter,BR,-8.2686,-72.7439,96.28,33,36,2.3,scattered clouds
103,Jamestown,US,42.097,-79.2353,42.94,62,100,6.91,overcast clouds
104,Bengkulu,ID,-3.8004,102.2655,75.6,89,99,3.53,overcast clouds
105,Saint-Philippe,RE,-21.3585,55.7679,78.39,85,54,12.93,light rain
106,Broken Hill,AU,-31.95,141.4333,73.35,35,100,11.01,overcast clouds
107,Linkou,CN,45.3,130.2833,11.28,85,100,7.05,overcast clouds
108,Constitucion,CL,-35.3333,-72.4167,71.02,60,6,17.31,clear sky
109,Hella,NO,67.2,14.4333,32.14,87,100,6.91,overcast clouds
110,Kumbhraj,IN,24.3667,77.05,59.04,39,0,4.5,clear sky
111,Talara,PE,-4.5772,-81.2719,79.56,53,0,14.97,clear sky
112,Kahului,US,20.8947,-156.47,75.85,83,20,4.61,few clouds
113,Tete,MZ,-16.1564,33.5867,95.09,36,40,20.71,scattered clouds
114,Lodwar,KE,3.1191,35.5973,84.0,47,37,15.82,scattered clouds
115,Necochea,AR,-38.5473,-58.7368,75.2,52,100,18.05,overcast clouds
116,Ondjiva,AO,-17.0667,15.7333,83.71,17,15,7.29,few clouds
117,Mitsamiouli,KM,-11.3847,43.2844,80.26,79,17,10.13,few clouds
118,Beni Suef,EG,29.0731,31.0979,62.1,53,23,5.39,few clouds
119,Camacupa,AO,-12.0167,17.4833,64.6,82,58,4.05,broken clouds
120,Bluff,NZ,-46.6,168.3333,41.81,77,4,16.67,clear sky
121,Punta Arenas,CL,-53.15,-70.9167,48.31,43,20,34.52,few clouds
122,Yulara,AU,-25.2406,130.9889,82.38,35,66,14.65,broken clouds
123,Salta,AR,-24.7859,-65.4117,93.79,29,20,12.66,few clouds
124,Kupang,ID,-10.1667,123.5833,78.35,79,52,4.05,broken clouds
125,Baruun-Urt,MN,46.6806,113.2792,6.84,78,38,10.76,scattered clouds
126,Ahipara,NZ,-35.1667,173.1667,60.08,93,100,12.59,overcast clouds
127,Margate,GB,51.3813,1.3862,41.7,88,25,5.99,scattered clouds
128,Antofagasta,CL,-23.65,-70.4,67.28,64,41,10.11,scattered clouds
129,Huarmey,PE,-10.0681,-78.1522,72.63,70,10,12.03,clear sky
130,Obo,CF,5.3998,26.4869,81.16,37,33,3.36,scattered clouds
131,Port Elizabeth,ZA,-33.918,25.5701,68.29,78,0,9.22,clear sky
132,Jacareacanga,BR,-6.2222,-57.7528,91.11,53,88,3.2,overcast clouds
133,Fortuna,US,40.5982,-124.1573,43.99,96,0,9.22,clear sky
134,Adrar,MR,20.5022,-10.0711,82.22,27,0,3.15,clear sky
135,Avarua,CK,-21.2078,-159.775,75.25,94,75,10.36,moderate rain
136,Talnakh,RU,69.4865,88.3972,27.21,96,100,16.98,snow
137,Praia Da Vitoria,PT,38.7333,-27.0667,57.76,94,40,12.68,light intensity shower rain
138,Vardo,NO,70.3705,31.1107,30.18,86,75,17.27,broken clouds
139,Port Alfred,ZA,-33.5906,26.891,67.17,83,13,3.0,few clouds
140,Acarau,BR,-2.8856,-40.12,86.68,55,42,20.58,scattered clouds
141,Tasiilaq,GL,65.6145,-37.6368,14.67,66,38,9.78,scattered clouds
142,Mercedes,AR,-34.6515,-59.4307,101.86,9,0,7.36,clear sky
143,Yining,CN,29.0361,114.5636,45.3,86,100,1.28,overcast clouds
144,Barrow,US,71.2906,-156.7887,12.22,92,0,19.57,clear sky
145,Hofn,IS,64.2539,-15.2082,33.58,64,75,7.36,broken clouds
146,Kautokeino,NO,69.0125,23.0412,17.67,93,100,3.83,overcast clouds
147,Umm Lajj,SA,25.0213,37.2685,74.97,69,5,9.6,clear sky
148,Hambantota,LK,6.1241,81.1185,78.01,82,100,5.75,overcast clouds
149,Tateyama,JP,34.9833,139.8667,53.53,71,75,11.5,broken clouds
150,Emerald,AU,-23.5333,148.1667,76.98,49,0,0.38,clear sky
151,Xinan,CN,26.72,119.8556,55.18,80,100,6.64,overcast clouds
152,Alofi,NU,-19.0595,-169.9187,69.69,100,48,1.14,moderate rain
153,Qaqortoq,GL,60.7167,-46.0333,34.38,98,100,5.21,snow
154,Altay,CN,47.8667,88.1167,2.12,79,37,6.46,scattered clouds
155,Saint Anthony,US,45.0205,-93.218,25.12,72,75,5.75,broken clouds
156,Acapulco,MX,16.8634,-99.8901,83.5,60,0,5.03,clear sky
157,Kamenka,RU,51.3223,42.7678,16.23,80,19,7.38,few clouds
158,Khani,GE,41.9563,42.9566,36.97,74,95,3.94,overcast clouds
159,Price,US,39.5994,-110.8107,38.46,41,0,5.75,clear sky
160,Phalaborwa,ZA,-23.943,31.1411,76.28,74,47,10.11,scattered clouds
161,Gasa,PS,31.5,34.4667,60.87,65,30,1.63,scattered clouds
162,Tera,NE,14.0078,0.7531,87.06,13,85,9.62,overcast clouds
163,Port Hardy,CA,50.6996,-127.4199,33.98,100,100,2.3,light rain
164,Bredasdorp,ZA,-34.5322,20.0403,63.93,59,5,5.37,clear sky
165,Belmonte,BR,-15.8631,-38.8828,80.02,68,36,8.19,scattered clouds
166,Vao,NC,-22.6667,167.4833,75.7,89,99,6.35,overcast clouds
167,Ust-Uda,RU,54.1742,103.0304,13.41,85,100,12.53,overcast clouds
168,Coihaique,CL,-45.5752,-72.0662,59.61,51,100,13.8,overcast clouds
169,Bathsheba,BB,13.2167,-59.5167,84.81,58,20,8.05,few clouds
170,Fairbanks,US,64.8378,-147.7164,23.92,89,100,0.0,overcast clouds
171,Mahebourg,MU,-20.4081,57.7,77.29,83,40,11.5,light rain
172,Ampanihy,MG,-24.7,44.75,78.28,74,90,8.66,moderate rain
173,Port-Gentil,GA,-0.7193,8.7815,80.56,89,75,3.44,moderate rain
174,Lasa,IT,46.6166,10.7002,36.48,65,54,3.67,broken clouds
175,Blairmore,CA,49.6,-114.4353,1.58,71,100,9.22,overcast clouds
176,Tuktoyaktuk,CA,69.4541,-133.0374,-16.6,69,40,16.11,scattered clouds
177,Chuy,UY,-33.6971,-53.4616,81.1,47,0,10.36,clear sky
178,Kropotkin,RU,45.4375,40.5756,27.99,59,5,17.76,clear sky
179,Sandnessjoen,NO,66.0217,12.6316,28.51,86,75,9.22,snow
180,Makakilo City,US,21.3469,-158.0858,74.44,83,40,0.0,scattered clouds
181,Gusau,NG,12.1628,6.6614,79.43,18,11,9.01,few clouds
182,Rorvik,NO,64.8621,11.2373,28.51,80,40,3.44,light snow
183,Katherine,AU,-14.4667,132.2667,79.12,73,74,0.0,broken clouds
184,Aloleng,PH,16.1307,119.7824,79.56,80,23,5.97,few clouds
185,Mittagong,AU,-34.45,150.45,49.93,98,67,2.55,broken clouds
186,Sao Filipe,CV,14.8961,-24.4956,74.26,70,4,5.19,clear sky
187,Tiarei,PF,-17.5333,-149.3333,78.82,79,28,19.57,light rain
188,Pevek,RU,69.7008,170.3133,9.52,91,100,2.98,overcast clouds
189,Puerto Ayora,EC,-0.7393,-90.3518,76.96,85,85,7.0,overcast clouds
190,Tukrah,LY,32.5341,20.5791,66.92,48,57,5.64,broken clouds
191,Shahrud,IR,36.4182,54.9763,33.58,61,46,3.62,scattered clouds
192,Panzhihua,CN,26.5851,101.7128,49.05,67,0,1.61,clear sky
193,Kavieng,PG,-2.5744,150.7967,81.19,75,100,6.33,overcast clouds
194,Denpasar,ID,-8.65,115.2167,82.06,74,40,4.61,scattered clouds
195,Blyth,GB,55.1271,-1.5086,40.46,91,40,6.91,scattered clouds
196,San Francisco,US,37.7749,-122.4194,52.86,84,75,10.0,broken clouds
197,Mabaruma,GY,8.2,-59.7833,82.45,72,86,4.56,overcast clouds
198,Mahajanga,MG,-15.7167,46.3167,82.42,74,20,2.3,few clouds
199,Mineiros,BR,-17.5694,-52.5511,80.92,51,96,9.48,overcast clouds
200,Le Port,RE,-20.9373,55.2919,78.8,67,53,5.26,broken clouds
201,Khatanga,RU,71.9667,102.5,-0.45,94,100,15.9,light snow
202,Jiexiu,CN,37.0244,111.9125,32.97,30,78,1.66,broken clouds
203,Mayor Pablo Lagerenza,PY,-19.9309,-60.7718,90.91,41,100,5.79,overcast clouds
204,Caravelas,BR,-17.7125,-39.2481,80.44,66,92,9.31,overcast clouds
205,Kidal,ML,18.4411,1.4078,82.53,14,98,9.89,overcast clouds
206,Barranca De Upia,CO,4.5696,-72.9668,76.48,82,97,0.69,overcast clouds
207,Aklavik,CA,68.2191,-135.0107,-7.6,59,75,14.97,broken clouds
208,Grand Gaube,MU,-20.0064,57.6608,77.4,75,59,5.01,broken clouds
209,Mwinilunga,ZM,-11.7358,24.4293,62.08,96,84,4.85,light rain
210,Nanortalik,GL,60.1432,-45.2371,35.87,98,100,5.48,light rain
211,Bosaso,SO,11.2842,49.1816,77.29,71,44,7.52,scattered clouds
212,Puerto Baquerizo Moreno,EC,-0.9,-89.6,69.35,76,78,11.23,broken clouds
213,Barcelos,PT,41.5388,-8.6151,56.91,87,97,2.35,overcast clouds
214,Saint-Pierre,RE,-21.3393,55.4781,78.48,73,0,16.11,clear sky
215,Namibe,AO,-15.1961,12.1522,70.93,76,1,5.64,clear sky
216,Mahanoro,MG,-19.9,48.8,75.13,78,42,2.98,scattered clouds
217,Itoman,JP,26.1247,127.6694,66.22,59,87,19.57,overcast clouds
218,Hasaki,JP,35.7333,140.8333,41.22,78,60,8.52,broken clouds
219,Sitamau,IN,24.0167,75.35,62.33,42,0,7.31,clear sky
220,Vilhena,BR,-12.7406,-60.1458,82.62,65,40,14.97,scattered clouds
221,Barcelona,ES,41.3888,2.159,57.15,86,20,1.01,few clouds
222,Hithadhoo,MV,-0.6,73.0833,81.9,74,20,11.88,few clouds
223,Winnemucca,US,40.973,-117.7357,28.45,86,20,5.75,few clouds
224,Kirakira,SB,-10.4544,161.9205,78.78,86,99,4.92,overcast clouds
225,Hualmay,PE,-11.0964,-77.6139,71.91,70,12,10.18,few clouds
226,Kavaratti,IN,10.5669,72.642,81.59,70,67,3.98,broken clouds
227,Nome,US,64.5011,-165.4064,24.17,86,100,3.44,fog
228,Erzin,TR,36.9559,36.2,58.69,59,84,3.33,broken clouds
229,Yar-Sale,RU,66.8333,70.8333,3.52,96,98,6.53,overcast clouds
230,Puerto Quijarro,BO,-17.7833,-57.7667,93.83,40,86,6.17,overcast clouds
231,Mar Del Plata,AR,-38.0023,-57.5575,89.62,53,0,12.66,clear sky
232,Santa Cruz Del Sur,CU,20.7147,-77.9956,85.96,45,1,15.23,moderate rain
233,Lebu,CL,-37.6167,-73.65,66.07,65,5,8.97,clear sky
234,Cravo Norte,CO,6.3017,-70.2041,88.59,44,36,9.26,scattered clouds
235,Dikson,RU,73.5069,80.5464,0.43,97,74,8.63,broken clouds
236,Verkhoyansk,RU,67.5447,133.385,-37.12,100,98,0.69,overcast clouds
237,Port Augusta,AU,-32.5,137.7667,67.05,58,100,14.63,overcast clouds
238,Sinegorye,RU,62.0788,150.477,-34.47,83,28,2.93,scattered clouds
239,Norman Wells,CA,65.282,-126.8329,-20.16,69,75,4.61,broken clouds
240,Viedma,AR,-40.8135,-62.9967,83.66,19,0,10.78,clear sky
241,Lagoa,PT,39.05,-27.9833,59.04,77,79,23.78,broken clouds
242,Labuhan,ID,-6.8844,112.2051,79.36,80,100,3.24,overcast clouds
243,Isabela,PH,6.7085,121.9711,77.92,86,90,3.87,overcast clouds
244,Teguise,ES,29.0605,-13.564,68.22,83,40,11.5,scattered clouds
245,Baykit,RU,61.67,96.37,7.5,95,93,6.24,overcast clouds
246,Rumphi,MW,-11.0186,33.8575,71.08,58,59,1.97,broken clouds
247,Chokurdakh,RU,70.6333,147.9167,-17.3,97,97,4.43,overcast clouds
248,Athabasca,CA,54.7169,-113.2854,-32.39,88,29,6.53,scattered clouds
249,Margherita,IN,27.2833,95.6833,60.33,73,0,2.37,clear sky
250,Goulburn,AU,-34.75,149.7167,47.41,74,20,4.16,few clouds
251,Ussuriysk,RU,43.7986,131.9508,12.02,69,99,4.56,overcast clouds
252,Logansport,US,40.7545,-86.3567,47.73,87,100,5.75,overcast clouds
253,Sestri Levante,IT,44.2732,9.3968,52.99,87,6,1.99,clear sky
254,Sandwick,GB,60.0,-1.25,37.22,70,20,13.8,light rain
255,Berlevag,NO,70.8578,29.0864,35.6,87,75,18.41,broken clouds
256,Bridlington,GB,54.0831,-0.1919,44.02,83,70,8.01,broken clouds
257,Tautira,PF,-17.7333,-149.15,78.21,79,41,20.29,light rain
258,Port Lincoln,AU,-34.7333,135.8667,57.85,77,39,15.03,scattered clouds
259,Inhambane,MZ,-23.865,35.3833,80.58,88,40,7.0,scattered clouds
260,Vilyuysk,RU,63.7553,121.6247,-19.17,94,86,6.49,overcast clouds
261,Henties Bay,NA,-22.116,14.2845,59.29,86,0,10.94,clear sky
262,Qui Nhon,VN,13.7667,109.2333,76.12,88,68,16.35,broken clouds
263,Georgetown,MY,5.4112,100.3354,80.53,94,40,5.75,scattered clouds
264,Vanimo,PG,-2.6741,141.3028,77.18,87,100,3.53,heavy intensity rain
265,Ballina,AU,-28.8667,153.5667,66.02,98,77,7.31,broken clouds
266,Kangaatsiaq,GL,68.3065,-53.4641,30.24,86,98,22.91,overcast clouds
267,Ivrea,IT,45.4672,7.8762,46.06,83,14,4.7,few clouds
268,Jurado,CO,7.1053,-77.7641,80.85,76,55,5.26,light rain
269,Vostok,RU,46.4856,135.8833,6.28,96,100,4.88,light snow
270,Moss Point,US,30.4116,-88.5345,80.74,77,26,10.04,scattered clouds
271,Ambon,ID,-3.6954,128.1814,76.23,16,40,4.61,scattered clouds
272,Lavrentiya,RU,65.5833,-171.0,19.62,92,75,3.13,broken clouds
273,Komsomolskiy,UZ,40.4272,71.7189,34.52,80,75,4.61,mist
274,Esperance,AU,-33.8667,121.9,58.69,74,51,15.9,broken clouds
275,Sinnamary,GF,5.3833,-52.95,81.75,82,39,11.25,scattered clouds
276,Qarayeri,AZ,40.7886,46.3066,36.48,93,100,2.3,overcast clouds
277,Ayan,RU,56.45,138.1667,1.0,70,16,9.33,few clouds
278,Pisco,PE,-13.7,-76.2167,77.05,57,0,19.57,clear sky
279,Hamilton,US,39.1834,-84.5333,52.43,96,100,4.61,mist
280,Cherrapunji,IN,25.3,91.7,49.24,66,0,5.26,clear sky
281,Lensk,RU,60.7253,114.9278,-3.6,98,97,8.37,light snow
282,Oum Hadjer,TD,13.2954,19.6966,79.93,16,0,14.61,clear sky
283,Klaksvik,FO,62.2266,-6.589,36.52,64,100,24.79,overcast clouds
284,Katsuura,JP,35.1333,140.3,48.54,79,20,7.63,few clouds
285,Nuevitas,CU,21.5453,-77.2644,80.56,58,23,13.89,few clouds
286,Tumba,SE,59.1986,17.8332,27.28,93,0,4.61,clear sky
287,Gamba,GA,-2.65,10.0,75.4,89,100,5.91,overcast clouds
288,Turukhansk,RU,65.8167,87.9833,14.72,95,100,13.87,light snow
289,Tocopilla,CL,-22.092,-70.1979,71.87,65,58,9.82,broken clouds
290,Nenjiang,CN,49.1833,125.2167,-7.94,99,46,1.86,scattered clouds
291,Tonekabon,IR,36.8163,50.8738,48.15,77,99,2.84,overcast clouds
292,Minusinsk,RU,53.7103,91.6875,-16.58,69,16,1.19,few clouds
293,Yumen,CN,40.2833,97.2,13.41,88,44,6.35,scattered clouds
294,Mandera,KE,3.9366,41.867,91.45,29,46,8.08,scattered clouds
295,Boguchany,RU,58.3814,97.4531,7.38,90,100,11.45,overcast clouds
296,Kholmogory,RU,64.2229,41.656,18.32,93,100,8.99,light snow
297,Upernavik,GL,72.7868,-56.1549,27.25,82,100,7.49,overcast clouds
298,Kourou,GF,5.1552,-52.6478,78.85,74,46,9.48,scattered clouds
299,Wanning,CN,18.8003,110.3967,69.33,89,99,8.14,overcast clouds
300,Namatanai,PG,-3.6667,152.4333,78.71,83,97,5.17,light rain
301,Itarema,BR,-2.9248,-39.9167,85.96,57,9,19.55,clear sky
302,Marienburg,PL,54.0359,19.0266,40.84,94,100,5.14,overcast clouds
303,Lufilufi,WS,-13.8745,-171.5986,74.98,74,83,5.99,light rain
304,Luderitz,NA,-26.6481,15.1594,62.6,68,0,22.68,clear sky
305,Saint-Augustin,CA,51.226,-58.6502,30.85,83,100,5.82,overcast clouds
306,Dong Hoi,VN,17.4833,106.6,65.79,92,100,10.45,overcast clouds
307,Mackay,AU,-21.15,149.2,67.68,78,0,8.86,clear sky
308,Port Blair,IN,11.6667,92.75,80.64,83,75,8.05,mist
309,Sumbe,AO,-11.2061,13.8437,78.13,84,100,3.31,overcast clouds
310,Mangai,CD,-4.05,19.5333,71.42,96,78,0.94,moderate rain
311,Ambilobe,MG,-13.2,49.05,77.02,79,58,4.85,broken clouds
312,Cabo San Lucas,MX,22.8909,-109.9124,87.62,61,0,4.61,clear sky
313,Lazaro Cardenas,MX,17.9583,-102.2,85.14,60,36,4.43,scattered clouds
314,Brookhaven,US,31.5791,-90.4407,76.24,62,72,11.36,broken clouds
315,Los Chiles,CR,11.0333,-84.7167,82.49,66,93,4.99,overcast clouds
316,North Bend,US,43.4065,-124.2243,43.07,93,20,9.22,few clouds
317,Zhoucheng,CN,35.9122,116.3117,35.55,64,56,4.83,broken clouds
318,Buala,SB,-8.145,159.5921,79.09,82,79,4.05,broken clouds
319,Bilma,NE,18.6853,12.9164,75.88,14,35,6.17,scattered clouds
320,Moissala,TD,8.3404,17.7663,81.57,23,13,5.93,few clouds
321,Abramovka,RU,51.1886,41.0202,16.97,66,21,8.68,few clouds
322,Inirida,CO,3.8653,-67.9239,86.5,66,64,3.78,broken clouds
323,Buzmeyin,TM,38.0507,58.2056,31.73,74,100,2.3,overcast clouds
324,Almaznyy,RU,48.0448,40.045,20.08,71,41,14.83,scattered clouds
325,Kamina,CD,-8.7386,24.9906,64.85,95,57,3.02,broken clouds
326,Greenwood,US,34.1668,-82.1165,48.02,100,100,5.75,overcast clouds
327,Camana,PE,-16.6228,-72.7111,72.46,71,60,8.34,broken clouds
328,Roebourne,AU,-20.7833,117.1333,81.91,47,2,17.67,clear sky
329,Loikaw,MM,19.6742,97.2094,62.94,86,55,3.13,broken clouds
330,Gombong,ID,-7.6072,109.5142,76.46,91,100,2.17,overcast clouds
331,Weyburn,CA,49.6668,-103.8511,-9.18,77,100,4.61,overcast clouds
332,San Vicente,AR,-26.6167,-54.1333,85.77,49,50,2.3,scattered clouds
333,Las Varas,MX,21.1667,-105.1667,81.79,58,1,5.17,clear sky
334,Sola,VU,-13.8833,167.55,82.02,76,80,13.94,broken clouds
335,Sawakin,SD,19.1059,37.3321,78.46,73,57,10.31,broken clouds
336,Stonewall,CA,50.1344,-97.3268,-0.22,89,100,3.2,light snow
337,Turinskaya Sloboda,RU,57.6232,64.3858,-3.59,97,28,4.99,scattered clouds
338,Naze,JP,28.3667,129.4833,58.12,64,28,16.84,scattered clouds
339,Bac Lieu,VN,9.285,105.7244,78.76,85,100,14.99,overcast clouds
340,Olavarria,AR,-36.8927,-60.3225,99.25,15,83,10.8,broken clouds
341,El Alto,PE,-4.2714,-81.2147,78.46,69,54,12.37,broken clouds
342,Rosario,AR,-32.9468,-60.6393,105.94,20,0,8.05,clear sky
343,Sistranda,NO,63.7256,8.834,31.96,57,100,21.99,light snow
344,Atasu,KZ,48.6814,71.6433,-12.68,99,46,4.5,scattered clouds
345,Tilichiki,RU,60.4667,166.1,12.99,86,64,14.58,broken clouds
346,Oriximina,BR,-1.7656,-55.8661,91.63,46,52,6.22,broken clouds
347,Paka,MY,4.6374,103.4368,78.73,94,90,0.0,overcast clouds
348,Nkhotakota,MW,-12.9274,34.2961,79.47,62,77,4.94,broken clouds
349,Murray Bridge,AU,-35.1167,139.2667,58.12,71,86,9.28,overcast clouds
350,Oistins,BB,13.0667,-59.5333,84.29,58,20,8.05,few clouds
351,Vasai,IN,19.47,72.8,84.29,69,0,5.86,clear sky
352,Eyl,SO,7.9803,49.8164,77.68,72,98,17.43,overcast clouds
353,Mlalo,TZ,-4.9333,38.9333,74.53,90,62,5.3,broken clouds
354,Antsohihy,MG,-14.8796,47.9875,79.07,78,27,3.31,scattered clouds
355,Makat,KZ,47.6469,53.3463,16.68,59,3,7.29,clear sky
356,Povolzhskiy,RU,53.5854,49.7629,4.62,93,98,3.87,overcast clouds
357,Fort Saint James,CA,54.4333,-124.25,5.45,92,100,0.67,overcast clouds
358,Umea,SE,63.8284,20.2597,24.73,74,0,10.36,clear sky
359,Nalbari,IN,26.4456,91.4354,67.98,66,0,1.41,clear sky
360,Lelystad,NL,52.5083,5.475,43.02,94,64,8.99,broken clouds
361,Flinders,AU,-34.5833,150.8552,57.06,91,71,5.88,broken clouds
362,Goma,CD,-1.6792,29.2228,62.55,88,99,3.29,light rain
363,Senno,RU,59.5336,33.9167,18.27,92,100,9.57,overcast clouds
364,Gayny,RU,60.3071,54.3241,5.97,88,57,6.26,broken clouds
365,Treinta Y Tres,UY,-33.2333,-54.3833,95.43,15,0,10.83,clear sky
366,Clyde River,CA,70.4692,-68.5914,14.23,92,20,8.05,few clouds
367,Tucuman,AR,-26.8241,-65.2226,98.6,26,0,3.44,clear sky
368,Junction City,US,39.0286,-96.8314,37.62,71,100,5.57,overcast clouds
369,Marystown,CA,47.1666,-55.1483,39.72,86,80,12.88,broken clouds
370,Padang,ID,-0.9492,100.3543,76.89,90,100,4.76,light rain
371,Itaituba,BR,-4.2761,-55.9836,95.16,49,40,9.22,scattered clouds
372,Havelock,US,34.8791,-76.9013,71.98,79,75,12.66,broken clouds
373,Sonoita,MX,31.85,-112.8333,62.22,58,57,10.45,broken clouds
374,Ust-Maya,RU,60.4167,134.5333,-14.42,99,100,1.54,overcast clouds
375,Slave Lake,CA,55.2834,-114.769,-9.96,70,61,5.19,broken clouds
376,Bambous Virieux,MU,-20.3428,57.7575,77.25,83,40,11.5,light rain
377,Kulhudhuffushi,MV,6.6221,73.07,81.3,76,91,12.19,overcast clouds
378,Kungurtug,RU,50.5994,97.5228,-18.69,98,13,1.36,few clouds
379,Jumla,NP,29.2747,82.1838,40.23,33,0,5.55,clear sky
380,Dunedin,NZ,-45.8742,170.5036,47.8,70,56,1.01,broken clouds
381,Ishigaki,JP,24.3448,124.1572,69.93,78,75,18.41,broken clouds
382,Sobolevo,RU,54.4299,31.8996,16.61,80,88,13.38,overcast clouds
383,Lorengau,PG,-2.0226,147.2712,78.89,84,97,10.13,overcast clouds
384,Zhezkazgan,KZ,47.8043,67.7144,5.99,97,100,6.71,overcast clouds
385,Mae Sai,TH,20.4335,99.8762,67.91,94,74,0.98,broken clouds
386,Halifax,CA,44.6453,-63.5724,44.69,81,75,11.5,broken clouds
387,La Paz,BO,-16.5,-68.15,48.18,65,100,9.22,overcast clouds
388,San Vicente De Canete,PE,-13.0751,-76.3835,72.66,67,41,8.68,scattered clouds
389,Aykhal,RU,66.0,111.5,6.26,94,100,22.88,light snow
390,Puerto Leguizamo,CO,-0.1934,-74.7819,87.04,59,83,1.59,broken clouds
391,Karratha,AU,-20.7377,116.8463,80.96,50,1,16.98,clear sky
392,Hrodna,BY,53.6884,23.8258,31.24,96,100,11.05,overcast clouds
393,Strelka,RU,58.0728,93.0344,7.5,92,100,10.07,overcast clouds
394,Varna,BG,43.2167,27.9167,48.43,100,100,8.05,overcast clouds
395,Kruisfontein,ZA,-34.0033,24.7314,65.88,82,1,5.1,clear sky
396,Camacha,PT,33.0833,-16.3333,63.82,88,40,12.66,light rain
397,Hobyo,SO,5.3505,48.5268,78.62,79,100,15.28,overcast clouds
398,Conway,US,35.0887,-92.4421,71.02,91,100,8.05,overcast clouds
399,Nortelandia,BR,-14.4547,-56.8028,85.86,61,100,4.18,overcast clouds
400,Kiruna,SE,67.8557,20.2251,16.72,67,96,6.91,overcast clouds
401,Rincon,US,32.296,-81.2354,71.85,83,52,2.64,broken clouds
402,Elizabeth City,US,36.2946,-76.2511,66.99,85,100,1.01,overcast clouds
403,Neyshabur,IR,36.2133,58.7958,38.88,49,84,4.23,broken clouds
404,Sorong,ID,-0.8833,131.25,77.81,87,97,6.17,overcast clouds
405,San Patricio,US,28.017,-97.5169,78.75,64,57,16.64,broken clouds
406,Minas,UY,-34.3759,-55.2377,96.01,12,0,9.69,clear sky
407,Monterey,US,36.2505,-121.2516,50.18,1,60,3.56,broken clouds
408,Takoradi,GH,4.8845,-1.7554,80.02,82,76,9.22,light rain
409,Poum,NC,-20.2333,164.0167,81.34,75,74,6.02,broken clouds
410,Xiangxiang,CN,27.7333,112.5333,44.22,86,95,2.64,overcast clouds
411,Kazerun,IR,29.6195,51.6541,55.04,84,100,3.49,overcast clouds
412,Palauig,PH,15.435,119.9045,79.99,76,19,3.58,few clouds
413,Isla Vista,US,34.4133,-119.861,62.78,74,40,3.44,scattered clouds
414,Te Anau,NZ,-45.4167,167.7167,39.25,91,28,1.39,scattered clouds
415,Moulins,FR,46.5,3.3333,34.25,96,41,2.24,scattered clouds
416,Vila Velha,BR,-20.3297,-40.2925,76.95,85,100,15.73,moderate rain
417,Ostrovnoy,RU,68.0531,39.5131,25.09,87,77,24.72,broken clouds
418,Axim,GH,4.8699,-2.2405,80.15,81,84,8.14,light rain
419,Uige,AO,-7.6087,15.0613,66.87,96,98,1.34,overcast clouds
420,Tarakan,ID,3.3,117.6333,78.73,81,95,1.79,overcast clouds
421,Shanhetun,CN,44.7,127.2,14.83,68,94,13.04,overcast clouds
422,Pacific Grove,US,36.6177,-121.9166,51.51,88,98,4.0,overcast clouds
423,Eregli,TR,37.5133,34.0467,42.42,64,5,1.28,clear sky
424,Longyearbyen,SJ,78.2186,15.6401,6.64,61,20,16.11,few clouds
425,Yerbogachen,RU,61.2767,108.0108,11.08,93,100,13.35,light snow
426,Wilmington,US,34.2257,-77.9447,71.51,78,100,9.22,overcast clouds
427,Luwuk,ID,-0.9516,122.7875,76.21,73,90,3.11,overcast clouds
428,Lake Charles,US,30.2131,-93.2044,80.6,75,75,18.41,broken clouds
429,Nosy Varika,MG,-20.5833,48.5333,75.67,79,64,4.03,broken clouds
430,Novyy Urgal,RU,51.0736,132.5642,-13.16,100,97,2.59,overcast clouds
431,Morant Bay,JM,17.8815,-76.4093,84.7,70,59,15.48,broken clouds
432,Abha,SA,18.2164,42.5053,57.16,65,0,2.71,clear sky
433,College,US,64.8569,-147.8028,21.9,88,75,0.0,light snow
434,Clevelandia,BR,-26.3958,-52.4708,80.76,61,27,1.59,scattered clouds
435,Campoverde,PE,-8.4753,-74.8058,89.29,25,28,1.68,scattered clouds
436,Port Macquarie,AU,-31.4333,152.9167,59.9,89,75,3.51,broken clouds
437,Olafsvik,IS,64.8945,-23.7142,39.13,72,98,10.56,overcast clouds
438,Voh,NC,-20.9667,164.7,76.98,87,79,2.98,broken clouds
439,Jalu,LY,29.0331,21.5482,71.1,20,11,7.74,few clouds
440,San Policarpo,PH,12.1791,125.5072,80.13,74,58,9.35,broken clouds
441,Mersing,MY,2.4312,103.8405,77.68,88,59,5.82,broken clouds
442,Baghdad,IQ,33.3406,44.4009,61.75,40,0,5.64,clear sky
443,Honiara,SB,-9.4333,159.95,76.48,86,66,3.87,broken clouds
444,Lososina,RU,48.9975,140.3106,12.34,68,79,5.97,broken clouds
445,Madang,PG,-5.2246,145.7966,76.35,92,99,3.31,light rain
446,Santiago Del Estero,AR,-27.7951,-64.2615,106.14,17,0,11.14,clear sky
447,Rajmahal,IN,25.05,87.8333,61.72,42,0,7.34,clear sky
448,Longview,US,32.5007,-94.7405,79.05,75,75,14.97,broken clouds
449,Hirara,JP,24.8,125.2833,71.22,74,94,28.59,overcast clouds
450,Kovernino,RU,57.1253,43.8142,14.85,84,100,8.79,overcast clouds
451,Kabalo,CD,-6.05,26.9167,70.2,93,87,3.6,light rain
452,Arlit,NE,18.7369,7.3853,81.75,13,82,11.23,broken clouds
453,Neiafu,TO,-18.65,-173.9833,80.62,73,100,3.83,light rain
454,Bilibino,RU,68.0546,166.4372,-4.95,96,100,3.22,overcast clouds
455,South Hill,US,47.1412,-122.2701,38.97,95,75,0.0,broken clouds
456,Sturgeon Falls,CA,46.3646,-79.9326,37.89,91,100,8.86,overcast clouds
457,Matara,LK,5.9485,80.5353,76.73,89,99,2.28,overcast clouds
458,Raahe,FI,64.6833,24.4833,32.09,90,86,13.22,light snow
459,Novikovo,RU,51.1537,37.8879,20.17,49,9,9.69,clear sky
460,Half Moon Bay,US,37.4636,-122.4286,53.62,87,100,8.05,overcast clouds
461,Siirt,TR,37.9326,41.9403,46.13,62,44,1.52,scattered clouds
462,Tambopata,PE,-12.7333,-69.1833,80.62,64,99,2.1,overcast clouds
463,Nuuk,GL,64.1835,-51.7216,34.41,75,20,35.68,few clouds
464,Newton Abbot,GB,50.5286,-3.6119,42.58,85,55,1.01,broken clouds
465,Quatre Cocos,MU,-20.2078,57.7625,77.09,81,62,17.22,light rain
466,Comandau,RO,45.7667,26.2667,32.86,96,97,5.79,overcast clouds
467,Cabayaoasan,PH,15.6719,120.5653,75.07,83,39,4.38,scattered clouds
468,Sarkand,KZ,45.41,79.9186,9.73,70,24,6.85,few clouds
469,Tigil,RU,57.8,158.6667,9.93,93,95,6.46,overcast clouds
470,Cherskiy,RU,68.75,161.3,-15.03,97,100,9.19,overcast clouds
471,Pitimbu,BR,-7.4706,-34.8086,82.09,64,72,9.89,broken clouds
472,Coria,ES,39.9879,-6.5377,54.45,94,100,3.6,overcast clouds
473,Siavonga,ZM,-16.5382,28.7088,82.98,61,36,13.44,scattered clouds
474,Van,TR,38.4924,43.3831,36.45,67,95,1.52,overcast clouds
475,Ilo,PE,-17.6394,-71.3375,69.87,76,99,6.89,overcast clouds
476,Atar,MR,20.5169,-13.0499,86.94,22,0,9.06,clear sky
477,Hay River,CA,60.8156,-115.7999,-23.82,94,22,5.75,few clouds
478,Visby,SE,57.6409,18.296,35.82,87,75,9.22,broken clouds
479,Palana,RU,59.1167,159.9667,17.64,88,100,14.83,light snow
480,Biak,ID,-0.9131,122.8766,75.52,74,78,2.57,broken clouds
481,Cordele,US,31.9635,-83.7824,76.71,64,0,8.05,clear sky
482,Yazman,PK,29.1212,71.7446,66.9,21,0,6.26,clear sky
483,Bay Roberts,CA,47.5999,-53.2648,38.34,96,97,8.01,overcast clouds
484,Shchelkun,RU,56.3034,60.9483,-15.23,96,59,3.85,broken clouds
485,Noumea,NC,-22.2763,166.4572,80.01,99,69,1.39,broken clouds
486,Warri,NG,5.5167,5.75,81.34,74,92,7.49,overcast clouds
487,Beloha,MG,-25.1667,45.05,80.8,63,38,4.16,light rain
488,Paramaribo,SR,5.8667,-55.1667,90.05,68,15,1.99,few clouds
489,Millinocket,US,45.6573,-68.7098,45.41,78,100,7.63,overcast clouds
490,Pokosnoye,RU,55.5258,101.0536,9.12,85,100,15.68,overcast clouds
491,Zhangjiakou,CN,40.81,114.8794,19.47,24,0,3.89,clear sky
492,Stepanov,CZ,49.684,17.2204,39.97,95,100,4.12,light rain
493,Sampit,ID,-2.5333,112.95,73.51,98,99,2.06,moderate rain
494,Alexandria,EG,31.2156,29.9553,65.19,62,66,7.52,broken clouds
495,Nauta,PE,-4.5061,-73.5757,86.32,63,100,2.77,overcast clouds
496,Tlacolula,MX,16.9542,-96.4792,73.62,27,0,3.74,clear sky
497,Bom Despacho,BR,-19.7364,-45.2522,66.76,94,100,5.23,overcast clouds
498,Lyaskelya,RU,61.7667,31.0167,26.31,95,100,8.59,light snow
499,Aswan,EG,24.0934,32.907,65.53,40,0,12.19,clear sky
500,San Isidro,PE,-12.1167,-77.05,69.19,76,83,9.13,broken clouds
501,Geraldton,AU,-28.7667,114.6,63.01,72,0,9.22,clear sky
502,Oleksandrivka,UA,48.9634,32.2349,24.85,60,4,10.36,clear sky
503,Nemuro,JP,43.3236,145.575,34.3,80,100,4.7,snow
504,Varkaus,FI,62.3153,27.873,28.31,94,100,8.21,overcast clouds
505,Los Banos,PH,14.1667,121.1833,78.8,92,23,5.26,few clouds
506,Zhigansk,RU,66.7697,123.3711,-24.74,97,100,21.27,overcast clouds
507,Puri,IN,19.8,85.85,64.92,51,93,6.55,overcast clouds
508,Tshikapa,CD,-6.4167,20.8,75.88,76,91,3.51,overcast clouds
509,Peniche,PT,39.3558,-9.3811,59.07,90,98,3.44,overcast clouds
510,Honningsvag,NO,70.9821,25.9704,37.15,81,100,17.27,light intensity drizzle
511,Erenhot,CN,43.6475,111.9767,11.57,52,3,9.48,clear sky
512,Samarai,PG,-10.6167,150.6667,81.36,76,87,6.69,overcast clouds
513,Fatehabad,IN,29.5167,75.45,59.59,29,0,6.64,clear sky
514,Collie,AU,-33.3667,116.15,52.3,81,68,9.15,broken clouds
515,Deputatskiy,RU,69.3,139.9,-35.84,100,53,3.11,broken clouds
516,Dumas,US,35.8656,-101.9732,53.74,40,0,14.97,clear sky
517,Caapucu,PY,-26.2167,-57.2,101.3,26,6,2.98,clear sky
518,Taseyevo,RU,57.2169,94.8978,8.47,87,100,11.61,overcast clouds
519,Maputo,MZ,-25.9653,32.5892,72.5,82,99,9.17,light rain
520,Kalat,PK,29.0225,66.5916,43.57,47,0,1.72,clear sky
521,Pires Do Rio,BR,-17.2997,-48.2794,76.75,72,100,3.18,moderate rain
522,Jaisalmer,IN,26.9147,70.9181,67.32,19,1,5.68,clear sky
523,Chicama,PE,-7.8447,-79.1469,68.54,55,45,10.67,scattered clouds
524,Souillac,MU,-20.5167,57.5167,76.69,82,65,16.82,light rain
525,Kyra,RU,49.5776,111.9753,10.47,74,100,9.44,overcast clouds
526,Ixtapa,MX,20.7,-105.2,83.43,61,0,8.05,clear sky
527,Moa,CU,20.6569,-74.9403,80.4,56,79,12.24,broken clouds
528,Shelburne,CA,44.0787,-80.2041,40.77,80,100,6.87,overcast clouds
529,Ulaanbaatar,MN,47.9077,106.8832,-23.67,69,0,4.47,clear sky
530,Oxbow,CA,49.2333,-102.1676,-5.37,79,100,7.31,overcast clouds
531,Atkarsk,RU,51.8718,45.0078,13.55,82,48,6.11,scattered clouds
532,Marstal,DK,54.8562,10.5173,35.51,71,87,8.66,overcast clouds
533,Mopipi,BW,-21.1833,24.8833,71.13,75,79,10.0,heavy intensity rain
534,Poole,GB,50.7167,-2.0,41.72,86,0,5.75,clear sky
535,Salima,MW,-13.7804,34.4587,79.41,58,63,4.12,broken clouds
536,Palafrugell,ES,41.9174,3.1631,53.35,52,56,4.03,broken clouds
537,Benguela,AO,-12.5763,13.4055,77.99,80,72,5.1,broken clouds
538,Touros,BR,-5.1989,-35.4608,83.43,62,66,13.53,broken clouds
539,Berbera,SO,10.4396,45.0143,76.59,70,22,8.05,few clouds
540,Betioky,MG,-23.7167,44.3833,75.79,77,58,7.0,moderate rain
541,Lerwick,GB,60.1545,-1.1494,37.4,70,100,25.99,light rain
542,Broome,US,42.2506,-75.833,47.8,82,100,8.05,light rain
543,Tartagal,AR,-22.5164,-63.8013,104.45,14,34,9.04,scattered clouds
544,Tondano,ID,1.3038,124.9112,66.29,94,64,1.54,broken clouds
545,Great Bend,US,38.3645,-98.7648,38.61,59,0,6.91,clear sky
546,Bugene,TZ,-1.5911,31.1403,59.68,87,76,0.87,light rain
547,Shingu,JP,33.7333,135.9833,41.22,74,12,6.87,few clouds
548,Zavitinsk,RU,50.1167,129.45,-11.04,100,99,1.57,overcast clouds
549,Mayumba,GA,-3.432,10.6554,76.24,87,100,7.11,overcast clouds
550,Gewane,ET,10.1664,40.6453,80.15,27,46,9.15,scattered clouds
551,Sorland,NO,67.667,12.6934,33.66,66,100,26.26,overcast clouds
552,Gouyave,GD,12.1646,-61.7296,84.97,62,20,9.22,few clouds
553,Rio Verde De Mato Grosso,BR,-18.9181,-54.8442,88.47,49,98,7.74,overcast clouds
554,Rypefjord,NO,70.6333,23.6667,30.67,80,75,0.0,broken clouds
555,Blagoveshchenka,RU,52.8333,79.8667,-9.92,99,39,4.07,scattered clouds
556,Manta,EC,-0.95,-80.7333,76.78,78,100,5.75,overcast clouds
557,Vestmannaeyjar,IS,63.4427,-20.2734,34.79,93,40,8.05,scattered clouds
558,Benghazi,LY,32.1167,20.0667,68.74,46,84,7.67,broken clouds
559,Yantal,RU,56.8471,105.2542,8.96,93,100,11.86,light snow
560,Maniitsoq,GL,65.4167,-52.9,33.04,79,94,27.96,light snow
561,Mount Isa,AU,-20.7333,139.5,73.17,46,0,2.3,light rain
562,Waipawa,NZ,-41.4122,175.5153,51.42,73,100,10.22,light rain
563,Papar,MY,5.7333,115.9333,77.0,87,94,3.49,overcast clouds
564,Porto Velho,BR,-8.7619,-63.9039,82.45,74,75,8.05,light rain
565,Rondonopolis,BR,-16.4708,-54.6356,94.26,35,71,14.34,broken clouds
566,Ranau,MY,5.9538,116.6641,68.67,97,88,0.92,overcast clouds
567,Mana,GF,5.6592,-53.7767,81.79,80,40,11.34,scattered clouds
568,Tommot,RU,58.9564,126.2925,-9.42,94,100,8.68,overcast clouds
569,Samut Sakhon,TH,13.5833,100.3,82.04,84,94,5.35,overcast clouds
570,Nanakuli,US,21.3906,-158.1547,76.95,78,20,5.75,few clouds
571,Miyako,JP,39.6367,141.9525,37.18,86,66,5.84,broken clouds
572,Grafton,US,42.207,-71.6856,56.16,74,100,16.11,overcast clouds
573,Baker City,US,44.7749,-117.8344,30.65,93,100,0.0,fog
574,Plettenberg Bay,ZA,-34.0527,23.3716,61.75,85,1,6.67,clear sky
575,Aksu,CN,41.1231,80.2644,26.62,37,96,2.64,overcast clouds
576,Portland,US,45.5234,-122.6762,40.05,91,100,1.99,overcast clouds
577,Anadyr,RU,64.75,177.4833,12.7,85,75,17.9,broken clouds
578,Redlands,US,34.0556,-117.1825,55.94,79,75,0.0,broken clouds
579,Husavik,IS,66.0449,-17.3389,27.66,80,48,9.31,scattered clouds
580,Polunochnoye,RU,60.8697,60.4153,-4.23,98,21,3.56,few clouds
581,Marawi,PH,7.9986,124.2928,67.06,93,94,1.81,overcast clouds
582,Bam,IR,29.106,58.357,52.57,41,22,2.62,few clouds
583,Kamenskiy,RU,50.8855,45.488,13.69,78,21,6.08,few clouds
584,Sarandi,BR,-23.4436,-51.8739,80.35,68,54,8.5,broken clouds
585,Hudson Bay,CA,52.85,-102.3842,-15.29,87,53,6.89,broken clouds
586,Juneau,US,58.3019,-134.4197,35.22,100,100,12.66,light rain and snow
587,Ilhabela,BR,-23.7781,-45.3581,76.77,90,96,6.82,light rain
588,Niquelandia,BR,-14.4739,-48.4597,81.72,66,99,2.86,moderate rain
589,Progreso,MX,21.2833,-89.6667,86.11,51,41,11.16,scattered clouds
590,Garowe,SO,8.4054,48.4845,75.18,59,86,19.62,overcast clouds
591,West Lafayette,US,40.4259,-86.9081,45.61,93,100,9.22,mist
592,Renfrew,GB,55.872,-4.3925,37.33,84,13,2.3,few clouds
593,Strunino,RU,56.3833,38.5667,18.84,76,100,11.3,overcast clouds
594,Vila,PT,42.0304,-8.1588,46.71,88,96,0.67,overcast clouds
595,Ganzhou,CN,28.8184,115.4327,46.33,84,100,1.99,overcast clouds
596,Sur,OM,22.5667,59.5289,73.51,55,0,2.24,clear sky
597,Bekhtery,UA,46.251,32.2927,35.55,85,100,12.35,overcast clouds
598,San Juan,AR,-31.5375,-68.5364,93.88,18,0,14.54,clear sky
599,Kikwit,CD,-5.041,18.8162,70.84,96,97,3.13,overcast clouds
600,Bimbo,CF,4.2567,18.4158,79.41,59,96,3.15,overcast clouds
601,Tolland,US,41.8501,-72.3495,56.28,75,100,9.22,overcast clouds
602,Soyo,AO,-6.1349,12.3689,76.1,85,100,5.73,overcast clouds
603,Jarva-Jaani,EE,59.0386,25.8864,24.94,96,100,7.34,light snow
604,Mirnyy,RU,62.5353,113.9611,-0.65,93,100,10.63,overcast clouds
605,Quebec,CA,46.8123,-71.2145,43.81,69,100,5.99,overcast clouds
606,Tessalit,ML,20.1986,1.0114,82.2,12,91,10.18,overcast clouds
607,Luena,AO,-11.7833,19.9167,61.34,92,79,2.55,broken clouds
608,Leirvik,NO,59.7798,5.5005,37.63,93,20,13.8,light rain
609,Visnes,NO,59.3556,5.2242,37.45,70,20,16.11,few clouds
610,Ipixuna,BR,-1.7625,-48.8043,92.91,43,48,6.51,scattered clouds
611,Gizo,SB,-8.103,156.8419,81.52,77,87,5.35,light rain
612,Kommunar,RU,59.6206,30.39,20.73,93,100,9.78,overcast clouds
613,Dafeng,CN,23.4517,108.5881,53.08,69,92,4.41,overcast clouds
614,Rawson,AR,-43.3002,-65.1023,75.18,26,5,5.32,clear sky
615,Jinka,ET,5.65,36.65,70.59,53,73,0.27,broken clouds
616,Qasigiannguit,GL,68.8193,-51.1922,41.25,98,98,10.87,light rain
617,Hervey Bay,AU,-25.2986,152.8535,73.08,81,0,7.34,clear sky
618,Totness,SR,5.8833,-56.3167,85.71,62,16,7.85,few clouds
619,Puerto Colombia,CO,10.9878,-74.9547,89.69,66,28,14.45,scattered clouds
620,Campiglia Marittima,IT,43.0602,10.6152,59.7,91,98,8.63,overcast clouds
621,Akhtubinsk,RU,48.2795,46.1722,16.41,65,17,8.46,few clouds
622,Solnechnyy,RU,50.7214,136.6319,-2.15,94,96,2.82,overcast clouds
623,Paamiut,GL,61.994,-49.6678,34.77,93,100,12.53,overcast clouds
624,Lata,PT,40.1629,-8.3327,57.07,91,99,2.15,overcast clouds
625,Xining,CN,36.6167,101.7667,26.37,50,99,0.72,overcast clouds
626,Okahandja,NA,-21.9833,16.9167,71.98,11,0,15.26,clear sky
627,Whitianga,NZ,-36.8333,175.7,59.88,95,100,14.25,light rain
628,Okha,RU,53.5739,142.9478,3.74,89,100,13.47,overcast clouds
629,Aksarka,RU,66.5606,67.7975,1.65,91,71,7.43,broken clouds
630,Farrukhnagar,IN,17.0778,78.2011,67.71,45,56,6.6,broken clouds
631,Ekimchan,RU,53.0667,132.9667,-19.95,100,100,1.48,overcast clouds
632,Springdale,US,36.1867,-94.1288,64.51,90,100,12.66,overcast clouds
633,Bartica,GY,6.4,-58.6167,86.32,89,47,2.73,scattered clouds
634,Teguldet,RU,57.3064,88.1667,6.1,94,100,9.57,light snow
635,Saint-Georges,GD,12.0564,-61.7485,85.68,62,20,9.22,few clouds
636,Tabou,CI,4.423,-7.3528,79.63,80,89,5.61,overcast clouds
637,Choix,MX,26.7092,-108.3219,80.92,44,98,2.24,overcast clouds
638,Leninskoye,KZ,41.7589,69.3864,24.66,86,100,0.16,overcast clouds
639,Djibo,BF,14.1022,-1.6306,86.92,14,81,8.46,broken clouds
640,Northam,GB,51.0333,-4.2167,42.39,80,18,8.52,few clouds
641,Channel-Port Aux Basques,CA,47.5702,-59.1367,37.85,80,100,15.41,overcast clouds
642,Oranjemund,NA,-28.55,16.4333,60.62,86,0,12.68,clear sky
643,Guaratinga,BR,-16.5667,-39.5667,80.13,69,90,7.23,overcast clouds
644,Nicoya,CR,10.1483,-85.452,83.88,61,10,5.3,clear sky
645,Mahon,ES,39.8885,4.2658,55.96,100,0,8.05,clear sky
646,Tevaitoa,PF,-16.7833,-151.5,79.5,76,21,17.98,light rain
647,Dalvik,IS,65.9702,-18.5286,28.02,75,24,5.23,few clouds
648,Santa Rosa,PH,14.3122,121.1114,80.11,83,20,6.87,few clouds
649,Luanda,AO,-8.8368,13.2343,80.6,83,75,9.22,broken clouds
650,Tazovskiy,RU,67.4667,78.7,1.78,97,86,10.8,overcast clouds
651,Mahibadhoo,MV,3.7833,72.9667,79.84,78,26,3.18,scattered clouds
652,Nexo,DK,55.0607,15.1306,37.49,97,100,12.1,overcast clouds
653,Bondo,CD,3.8146,23.6866,73.58,82,88,1.5,light rain
654,Worthington,US,40.0931,-83.018,50.05,97,100,6.91,mist
655,Altamont,US,42.2068,-121.7372,33.89,89,82,1.99,broken clouds
656,Faya,SA,18.3851,42.4509,55.92,63,0,4.07,clear sky
657,Champerico,GT,14.3,-91.9167,81.82,67,7,6.87,clear sky
658,Yukamenskoye,RU,57.8865,52.2416,-0.8,96,53,7.11,broken clouds
659,Ust-Omchug,RU,61.15,149.6333,-38.63,97,82,1.57,broken clouds
660,Mehamn,NO,71.0357,27.8492,35.55,80,75,13.8,broken clouds
661,Rawah,IQ,34.4816,41.9093,58.35,51,1,2.17,clear sky
662,Villamontes,BO,-21.25,-63.5,105.42,15,98,5.26,overcast clouds
663,Cervo,ES,43.6702,-7.4101,51.96,80,70,3.13,broken clouds
664,Xam Nua,LA,20.4197,104.0439,55.62,96,70,2.51,broken clouds
665,Angoche,MZ,-16.2325,39.9086,80.42,79,56,12.08,light rain
666,Kindu,CD,-2.95,25.95,70.9,94,85,3.15,light rain
667,Bulgan,MN,48.8125,103.5347,-3.37,82,1,3.87,clear sky
668,Kiama,AU,-34.6833,150.8667,62.01,95,88,7.11,overcast clouds
669,Pital,CO,2.2665,-75.8044,80.82,60,47,5.03,scattered clouds
670,Uarini,BR,-2.99,-65.1083,84.25,79,96,1.01,overcast clouds
671,Pascagoula,US,30.3658,-88.5561,79.32,71,0,6.91,clear sky
672,Okhotsk,RU,59.3833,143.3,-15.32,90,90,5.75,overcast clouds
673,Egvekinot,RU,66.3167,-179.1667,17.4,86,100,11.86,light snow
674,Mayo,US,38.8876,-76.5119,48.15,93,100,3.44,moderate rain
675,Beckley,US,37.7782,-81.1882,50.67,97,100,8.05,moderate rain
676,Karasburg,NA,-28.0167,18.75,75.4,14,0,13.04,clear sky
677,Cockburn Town,TC,21.4612,-71.1419,78.35,61,29,15.7,scattered clouds
